year,mortgage_rate_30y
2007,6.337307692307693
2008,6.027169811320754
2009,5.036538461538461
2010,4.689807692307692
2011,4.447884615384615
2012,3.6574999999999998
2013,3.9755769230769227
2014,4.168867924528302
2015,3.8505769230769227
2016,3.6540384615384616
2017,3.9898076923076924
